p1,p2,p3,p4,p5,p6,p7,p8,g,Generative model,snr (dB)
0.000226,0.0699,3.45e-05,0.05462,0.0873,0.00891,0.00515,0.03158,0.1524,hh,30
